{
  "total_duration_hours": 8,
  "total_samples_seconds": 28800,
  "total_ble_packets": 10828,
  "packet_loss_rate_percent": 3.51865533801256,
  "mean_ble_latency_ms": 302.70669147207076,
  "p95_ble_latency_ms": 492.473089448342,
  "mae_before": 10.156849467259333,
  "rmse_before": 11.60258343709808,
  "r2_before": 0.7090327877209223,
  "mae_after": 3.0753900003260792,
  "rmse_after": 3.730139608382007,
  "r2_after": 0.9699264410839076,
  "mae_improvement_percent": 69.7210241203277,
  "rmse_improvement_percent": 67.85078402060644,
  "total_green_seconds": 16868,
  "total_yellow_seconds": 4951,
  "total_red_seconds": 6981,
  "total_alarms": 424,
  "mean_alarm_delay_seconds": 0.4923908172618468,
  "max_alarm_delay_seconds": 0.8818731637239475,
  "battery_remaining_percent": 54.14511111110794,
  "estimated_runtime_hours": 17.446340387793377,
  "conclusion_short": "8 saatlik kullanım hedefi simülasyon düzeyinde sağlandı."
}